16|diagnóstico
1|diagnóstico
90|tratamiento
1|tratamiento
1|invasivo
1|desórdenes
1|temporomandibulares
1|dolor
1|orofacial
2|repostería
2|panadería
2|saludable
2|oriente
3|cuidado
197|cuidado
3|adulto
197|adulto
3|mayor
197|mayor
3|cuidadores
197|cuidadores
83|formación
3|formación
3|técnica
261|salud
59|salud
22|salud
61|salud
56|salud
97|salud
13|salud
42|salud
10|salud
3|salud
139|francisco
4|francisco
156|francisco
159|francisco
4|líder
4|mundial
9|atención
5|atención
22|atención
138|integral
9|integral
5|integral
174|integral
9|paciente
5|paciente
205|paciente
5|intoxicado
5|aprendizaje
5|mediante
5|simulación
5|alta
245|alta
5|fidelidad
6|mujeres
6|pie
6|recuperación
6|historia
131|social
222|social
76|social
223|social
6|social
39|desde
253|desde
46|desde
137|desde
201|desde
6|desde
8|desde
33|desde
6|genealogía
6|nuestras
6|ancestras
85|producción
253|producción
174|producción
248|producción
225|producción
7|producción
7|campesina
7|familiar
7|bases
7|conceptuales
7|formulación
64|políticas
7|políticas
64|públicas
7|públicas
8|aproximación
8|temas
8|envejecimiento
8|vejez
56|ciencias
8|ciencias
249|sociales
8|sociales
9|enfermedades
9|huérfanas
9|raras
31|gestión
163|gestión
192|gestión
143|gestión
229|gestión
25|gestión
226|gestión
138|gestión
140|gestión
123|gestión
13|gestión
256|gestión
17|gestión
161|gestión
18|gestión
78|gestión
185|gestión
60|gestión
10|gestión
26|gestión
39|gestión
223|ambiental
10|ambiental
172|pública
13|pública
10|pública
10|mirada
10|integradora
11|viaje
11|iniciático
11|crecimiento
175|crecimiento
121|personal
11|personal
37|personal
126|gerencia
249|gerencia
12|gerencia
40|gerencia
22|enfermería
12|enfermería
13|demografía
14|morfología
14|células
14|hemáticas
14|asociación
14|diferentes
14|patologías
15|bienes
15|temporales
15|iglesia
159|iglesia
16|biología
16|molecular
16|aplicada
16|detección
16|identificación
16|microorganismos
16|infecciosos
17|r1
20|aviation
29|aviation
24|aviation
17|aviation
25|safety
27|safety
21|safety
28|safety
17|safety
25|management
87|management
31|management
185|management
17|management
17|systems
219|sistema
52|sistema
25|sistema
213|sistema
17|sistema
25|seguridad
37|seguridad
27|seguridad
59|seguridad
202|seguridad
21|seguridad
54|seguridad
28|seguridad
17|seguridad
17|aérea
27|sms
17|sms
18|r2
18|operational
18|risk
18|managementr2
154|riesgo
18|riesgo
123|riesgo
64|riesgo
256|riesgo
18|operacional
19|r4
19|basic
19|incidentaccident
30|investigation
19|investigation
30|investigación
212|investigación
19|investigación
210|básica
236|básica
69|básica
19|básica
19|incidentesaccidentes
20|r5
20|technical
20|regulations
20|regulaciones
20|técnicas
194|técnicas
20|aviación
29|aviación
24|aviación
21|r3
21|human
21|factors
21|in
27|in
21|factores
21|humanos
22|intervención
22|prevención
185|control
237|control
22|control
22|infecciones
22|asociadas
30|capacitación
23|capacitación
23|centrales
23|esterilización
24|sb1
24|and
31|and
24|the
24|environment
101|medio
24|medio
101|ambiente
24|ambiente
25|sb2
25|system
25|resilience
209|resiliencia
25|resiliencia
26|sa3
26|emergency
26|response
26|planning
28|planning
26|respuesta
26|emergencia
26|programa
26|crisis
64|crisis
256|crisis
27|sb4
27|performance
27|indicators
78|indicadores
27|indicadores
27|desempeño
28|sb3
28|governance
28|planificación
223|gobernanza
28|gobernanza
29|sa2
29|quality
29|auditor
237|calidad
29|calidad
30|sa1
30|advanced
30|incident
30|avanzada
259|avanzada
30|incidentes
31|sb5
31|threat
31|error
31|amenazas
31|errores
31|tem
39|vida
33|vida
211|vida
32|vida
218|vida
32|impro
32|entrenamiento
131|habilidades
132|habilidades
134|habilidades
142|habilidades
135|habilidades
32|habilidades
133|habilidades
32|blandas
32|improvisación
32|teatral
200|teatral
33|evangelio
33|san
33|juan
33|libro
33|comprender
33|dios
34|inserción
34|implante
34|subdérmico
34|dispositivo
34|intrauterino
34|diu
75|liderazgo
121|liderazgo
35|liderazgo
128|liderazgo
91|desarrollo
214|desarrollo
92|desarrollo
35|desarrollo
248|desarrollo
54|desarrollo
146|equipos
35|equipos
194|equipos
149|equipos
65|equipos
42|equipos
36|respira
36|medita
36|visualiza
36|restablecer
36|armonía
36|interior
91|acción
93|acción
37|acción
95|acción
92|acción
104|acción
98|acción
101|acción
94|acción
97|acción
99|acción
91|humanitaria
93|humanitaria
37|humanitaria
95|humanitaria
92|humanitaria
104|humanitaria
98|humanitaria
101|humanitaria
94|humanitaria
97|humanitaria
99|humanitaria
37|humanitario
38|marketing
247|marketing
253|digital
69|digital
38|digital
46|digital
66|digital
38|redes
38|emprendedores
39|bienestar
39|organizacional
39|sentido
218|sentido
251|empresas
40|empresas
40|inmobiliarias
41|música
41|videojuegos
73|videojuegos
86|videojuegos
85|herramientas
157|herramientas
179|herramientas
262|herramientas
42|herramientas
215|implementación
42|implementación
81|implementación
231|implementación
42|aps
219|introducción
216|introducción
68|introducción
158|introducción
124|introducción
123|introducción
126|introducción
89|introducción
182|introducción
264|introducción
43|introducción
43|pedagogía
43|didáctica
242|certificación
168|certificación
44|certificación
87|certificación
65|certificación
49|certificación
242|internacional
87|internacional
49|internacional
44|internacional
44|metodologías
44|ágiles
44|fundamentals
45|normas
45|internacionales
118|sostenibilidad
45|sostenibilidad
88|sostenibilidad
127|negocios
113|negocios
46|negocios
185|negocios
115|negocios
247|negocios
46|moda
46|sostenible
46|visión
46|economía
215|economía
262|economía
46|circular
215|circular
262|circular
100|transformación
46|transformación
66|transformación
47|gobierno
170|gobierno
47|corporativo
170|corporativo
47|compliance
47|caribe
48|huella
48|hídrica
48|biodiversidad
49|scrum
49|master
230|preparación
87|preparación
243|preparación
49|preparación
49|peoplecert
84|computación
63|computación
50|computación
84|nube
63|nube
50|nube
248|inmersión
50|inmersión
50|principales
50|servicios
51|arteterapia
51|infantojuvenil
52|sonido
52|vivo
52|aficionados
225|aficionados
52|operario
52|amplificación
174|eventos
52|eventos
52|conciertos
53|peoples
53|analytics
54|pdt
54|piscc
54|claves
54|construir
54|articular
54|planes
54|territorial
54|integrales
54|convivencia
54|ciudadana
62|soporte
55|soporte
62|vital
55|vital
62|básico
55|básico
55|blssvb
55|cardiovascular
181|avanzado
55|avanzado
55|aclsscva
55|aha
56|cómo
240|cómo
168|cómo
56|escribir
56|publicar
57|toxicología
60|ocupacional
57|ocupacional
58|transporte
58|neonatal
207|neonatal
90|informática
59|informática
176|analítica
89|analítica
152|analítica
59|analítica
114|trabajo
59|trabajo
60|exposición
96|vigilancia
61|vigilancia
61|auditiva
61|más
61|allá
61|audiometría
62|bls
63|qué
63|primero
63|debes
169|saber
227|saber
63|saber
64|comunicación
257|comunicación
78|comunicación
203|comunicación
64|gubernamental
92|gobiernos
64|gobiernos
64|locales
65|coaching
75|coaching
65|sistémico
89|poder
66|poder
66|principios
66|retos
66|oportunidades
67|orquestación
68|contexto
118|marco
68|marco
68|regulatorio
84|infraestructura
68|infraestructura
68|ferroviaria
85|fotografía
69|fotografía
259|fotografía
70|conectarte
70|taller
82|taller
70|creatividad
129|creatividad
70|ilustración
70|escritura
70|artistas
154|análisis
71|análisis
204|análisis
162|análisis
254|análisis
176|datos
77|datos
71|datos
254|datos
78|datos
89|datos
177|datos
71|monitoreo
71|mejora
176|procesos
231|procesos
71|procesos
179|procesos
72|crianza
155|educación
72|educación
206|educación
72|consciente
73|aprendiendo
74|acueductos
74|veredales
75|neurociencias
167|aplicadas
75|aplicadas
76|diálogo
76|género
77|storytelling
251|storytelling
77|presentaciones
80|presentaciones
77|basadas
204|generación
77|generación
77|estadísticos
78|estrategias
79|redacción
224|redacción
79|artículos
79|académicos
79|científicos
80|ejecutivas
80|alto
223|impacto
80|impacto
81|medidas
81|justicia
81|transicional
81|colombia
82|desarrollar
82|carisma
82|actuación
82|actores
83|profesional
173|profesional
83|wedding
83|planner
84|conceptos
84|ti
85|arte
263|arte
85|creativas
85|fotográfica
86|creando
248|experiencias
86|experiencias
86|inmersivas
86|conceptualización
190|diseño
86|diseño
200|diseño
195|diseño
215|diseño
87|pmp
229|project
87|project
192|project
87|institute
87|pmi
141|pmi
88|arquitectura
88|paramétrica
216|nuevas
88|nuevas
88|tecnologías
246|tecnologías
89|descubre
90|forense
90|procedimiento
193|procedimiento
90|técnico
90|recolección
90|evidencias
161|digitales
255|digitales
165|digitales
163|digitales
90|digitales
164|digitales
166|digitales
91|nexo
91|entre
91|construcción
229|construcción
191|construcción
92|construcción
189|construcción
92|paz
91|paz
92|autónomos
93|ciclos
93|proyectos
145|proyectos
223|proyectos
213|proyectos
192|proyectos
126|proyectos
249|proyectos
94|comunicaciones
94|periodismo
95|protección
177|protección
95|ddhh
96|tecnológica
97|emergencias
97|nutrición
98|población
98|movimiento
99|poblaciones
99|diferenciada
100|continua
102|visualizando
102|futuro
103|cash
103|transferencias
103|monetarias
104|definición
104|horizonte
104|pautas
105|wash
232|sistemas
106|sistemas
106|multiequipos
107|pensamiento
112|pensamiento
107|creativo
217|creativo
108|planeación
126|estratégica
203|estratégica
257|estratégica
108|estratégica
162|toma
109|toma
109|decisiones
136|decisiones
202|resolución
110|resolución
110|conflictos
111|reconocimiento
111|talentos
112|estratégico
113|protocolo
114|equipo
115|éticos
215|sostenibles
115|sostenibles
116|mindfulness
206|mindfulness
183|mindfulness
147|empleabilidad
131|empleabilidad
132|empleabilidad
134|empleabilidad
116|empleabilidad
153|empleabilidad
124|empleabilidad
133|empleabilidad
131|capital
116|capital
132|capital
134|capital
153|psicológico
116|psicológico
117|orientación
173|orientación
119|orientación
117|cliente
247|cliente
219|legal
118|legal
119|logro
120|modelo
221|modelo
120|negocio
122|mentoring
122|ejecutivo
213|general
124|general
125|inspirando
125|ejemplo
127|inteligencia
130|inteligencia
234|inteligencia
128|cambio
150|cambio
222|innovación
160|innovación
129|innovación
130|emocional
131|medias
132|básicas
132|humano
133|clave
134|avanzadas
134|cultural
135|ser
135|mentor
136|gestionando
137|estrategia
137|ventas
247|ventas
137|casa
138|responsabilidad
139|genialidad
139|bergoglio
139|alegría
139|rasgos
139|hombre
140|tiempo
231|fundamentos
141|fundamentos
142|comunicativas
143|insights
144|funcionamiento
144|red
263|dirección
145|dirección
145|estratégicos
146|eficaces
147|enfocada
147|mantenimiento
189|mantenimiento
148|eficacia
148|transición
149|empoderando
150|necesidad
151|cadena
151|valor
203|directivos
152|directivos
153|contrato
154|financiero
155|gimnasio
158|gimnasio
157|gimnasio
155|educativo
158|educativo
157|educativo
155|virtual
158|virtual
157|virtual
224|virtual
155|acompañamiento
155|tutoría
155|evaluación
155|mediada
155|por
162|por
208|por
179|por
155|tic
156|papa
159|papa
257|su
156|su
156|inspiración
156|asís
156|ecología
156|dignidad
156|fraternidad
262|prácticas
157|prácticas
216|prácticas
241|creación
157|creación
157|actividades
158|elearning
157|elearning
167|tendencias
158|tendencias
158|pedagógicas
159|aporte
159|latinoamericano
159|universal
160|abc
242|competencias
161|competencias
165|competencias
163|competencias
164|competencias
179|competencias
166|competencias
161|docente
165|docente
163|docente
164|docente
166|docente
161|competencia
165|competencia
163|competencia
164|competencia
166|competencia
161|educativa
162|muestras
162|biológicas
162|laboratorio
162|clínico
163|conocimiento
164|comunicativa
165|tecno
165|pedagógica
166|investigativa
167|sector
167|inmobiliario
167|proptech
168|prepararse
168|proceso
168|traductor
168|intérprete
168|oficial
219|inglés
168|inglés
227|pruebas
169|pruebas
227|11
169|11
227|full
169|full
227|presencial
169|presencial
171|microsoft
229|microsoft
234|microsoft
192|microsoft
176|power
171|power
234|power
204|power
176|bi
171|bi
234|bi
204|bi
172|programas
172|transparencia
172|ética
172|ptep
172|empresarial
172|ptee
172|características
172|estándares
172|diferencias
172|semejanzas
174|metodología
196|metodología
174|organización
255|organización
175|erotismo
175|sexualidad
175|espiritualidad
175|placer
175|sagrado
175|fuente
176|automatización
231|automatización
176|automate
177|personales
177|habeas
177|data
178|corrección
178|estilo
179|selección
180|club
180|xavier
204|excel
181|excel
263|teatro
182|teatro
229|aplicado
182|aplicado
183|reducción
183|estrés
184|prematrimonial
185|costos
185|financiera
185|revenue
185|rentabilizar
185|gastronómicos
247|gastronómicos
186|explorando
186|cerebro
186|neurociencia
186|clínica
186|cognitiva
187|expresión
187|oral
205|oral
188|manejo
187|manejo
256|manejo
187|públicos
188|voz
188|locución
189|material
189|rodante
189|ferroviario
190|mecanicista
190|racional
190|pavimentos
191|pavimentos
193|actualización
193|código
238|administrativo
193|administrativo
193|contencioso
238|reforma
199|reforma
193|reforma
238|ley
193|ley
238|2080
193|2080
194|materiales
194|carreteras
195|geométrico
195|ferrocarriles
196|bim
196|ferrovías
197|formales
198|urgencias
198|edad
198|escolar
199|tributaria
199|2022
200|escenografía
200|iluminación
200|vestuario
201|hablemos
201|sobre
211|muerte
201|muerte
208|distintas
201|distintas
201|perspectivas
201|significados
202|radioprotección
202|radiología
202|odontológica
202|482
203|asertiva
204|access
204|información
232|información
204|reportes
204|efectivos
205|seguimiento
205|quimioterapia
206|énfasis
207|reanimación
207|cardiopulmonar
208|grandes
208|ideas
208|yoga
208|recorrido
208|filosofía
208|cosmovisión
208|originaria
208|sus
250|sus
208|vertientes
209|transformando
209|adversidad
210|estadística
211|hay
211|después
211|aproximaciones
211|antropológicas
211|teológicas
211|culturales
212|enfermedad
212|laboral
213|presentación
213|ejecución
213|regalías
214|regional
215|productos
216|filosóficas
217|desbloqueo
217|creativos
218|literatura
219|eeuu
220|ambientes
220|seguros
220|preventivos
221|psicodinámico
221|entrevista
223|estructuración
223|financiación
223|esg
224|ortografía
253|musical
225|musical
225|composición
225|grabación
226|pqrs
251|forma
226|forma
226|retener
252|clientes
226|clientes
228|argumentación
228|jurídica
229|obras
230|examen
230|ingreso
230|carrera
230|diplomática
230|consular
230|colombiana
231|robótica
231|rpa
232|herramienta
232|sig
232|geográfica
233|secop
233|ii
234|artificial
235|elaboración
235|mapas
235|estático
235|dinámico
236|tecnología
237|concreto
236|concreto
237|mortero
237|hidráulico
238|derecho
258|derecho
238|sancionatorio
239|extinción
239|dominio
240|participar
240|exitosamente
240|ferias
240|exposiciones
241|podcasting
241|narrativas
241|sonoras
241|20
242|emocionales
242|creare
243|estados
243|financieros
244|lectura
244|crítica
245|cromatografía
245|líquida
245|eficiencia
245|hplc
245|gases
245|gc
246|debates
246|contemporáneas
246|industria
246|editorial
247|experiencia
248|total
248|interactivas
250|botánica
250|ilustrada
250|propiedades
250|sketchbook
251|impactar
251|multiculturales
252|segmentación
252|clustering
252|foco
252|mercados
253|produciendo
253|mezcla
253|mezclando
254|multimodal
254|procesamiento
254|textuales
254|visuales
254|sonoros
254|gestuales
255|conservación
255|archivos
256|reputacional
257|interna
257|función
258|disciplinario
259|análogodigital
260|music
260|masters_antioquia
261|mental
261|comunitaría
262|logística
262|inversa
264|práctica
264|pintura
264|contemporánea
